1001638573,T0326-002
1001638572,T0325-002
1001638575,T0328-002
1001638571,T0324-002
1001638574,T0327-002
1001388398,F0405-001
1001638576,T0306-001
1000845125,F0365-001
1000845176,F0371-001
1000845340,F0367-001
1000845139,F0369-001
1001638582,F0605-001
1001638569,F0409-001
300959989,T0036-005
1001638584,F0551-002
1001638585,F0554-002
1001638583,F0548-002
1001638565,F0404-001
1001638578,F0540-001
1001638580,F0542-001
1001638579,F0541-001
300467072,F0214-001
300467220,F0201-001
1001638566,F0407-001
300465604,F0431-001
1001638577,F0525-001
1001638581,F0465-001
300710677,F0438-001
1001638570,F0410-003
1001638568,F0425-001
1001638567,F0424-001
