8901365307396,30739,TRADITIONAL
8901365307143,30714,TRADITIONAL
8901365307068,30706,TRADITIONAL
8901365604778,60477,TRADITIONAL
8901365307136,30713,TRADITIONAL
8901365305187,30518,TRADITIONAL
8901365307228,30722,TRADITIONAL
8901365322252,32225,TRADITIONAL
8901365309666,30966,TRADITIONAL
8901365626947,62694,APPLIANCES
8901365203520,20352,TRADITIONAL
8901365100331,10033,TRADITIONAL
8901365203544,20354,TRADITIONAL
8901365307112,30711,TRADITIONAL
8901365322320,32232,TRADITIONAL
8901365604761,60476,TRADITIONAL
8901365120018,12001,TRADITIONAL
8901365604846,60484,TRADITIONAL
8901365471325,47132,TRADITIONAL
8901365306849,30684,TRADITIONAL
8901365305194,30519,TRADITIONAL
8901365202318,20231,TRADITIONAL
8901365307105,30710,TRADITIONAL
8901365206576,20657,TRADITIONAL
8901365307273,30727,TRADITIONAL
8901365100003,10000,TRADITIONAL
8901365307266,30726,TRADITIONAL
8901365322191,32219,TRADITIONAL
8901365206583,20658,TRADITIONAL
8901365100133,10013,TRADITIONAL
8901365471363,47136,TRADITIONAL
8901365201397,20139,TRADITIONAL
8901365203575,20357,TRADITIONAL
8901365107057,10705,TRADITIONAL
8901365203568,20356,TRADITIONAL
8901365100300,10030,TRADITIONAL
8901365307242,30724,TRADITIONAL
8901365306023,30602,TRADITIONAL
8901365100270,10027,TRADITIONAL
8901365306047,30604,TRADITIONAL
8901365201403,20140,TRADITIONAL
8901365102120,10212,TRADITIONAL
8901365107064,10706,TRADITIONAL
8901365111047,11104,TRADITIONAL
8901365107033,10703,TRADITIONAL
8901365201410,20141,TRADITIONAL
8901365471295,47129,TRADITIONAL
8901365203537,20353,TRADITIONAL
8901365105022,10502,TRADITIONAL
8901365307327,30732,TRADITIONAL
8901365203551,20355,TRADITIONAL
8901365107040,10704,TRADITIONAL
8901365306887,30688,TRADITIONAL
8901365107019,10701,TRADITIONAL
8901365350361,35036,TRADITIONAL
8901365100485,10048,TRADITIONAL
8906026971732,97173,TRADITIONAL
8901365107026,10702,TRADITIONAL
8901365600053,60005,TRADITIONAL
8901365600060,60006,TRADITIONAL
8901365600015,60001,TRADITIONAL
8901365100270,10027,TRADITIONAL
8901365100300,10030,TRADITIONAL
8901365363033,36303,TRADITIONAL
8901365363118,36311,TRADITIONAL
8901365363026,36302,TRADITIONAL
8901365363163,36316,TRADITIONAL
8901365256434,25643,TRADITIONAL
8901365256458,25645,TRADITIONAL
8901365203261,20326,TRADITIONAL
8901365117292,11729,TRADITIONAL
8901365204299,20429,TRADITIONAL
8901365402800,40280,APPLIANCES
8901365411093,41109,TRADITIONAL
8901365206514,20651,TRADITIONAL
8901365367178,36717,TRADITIONAL
8901365367185,36718,TRADITIONAL
8901365367239,36723,TRADITIONAL
8901365204510,20451,TRADITIONAL
8901365204527,20452,TRADITIONAL
8901365400882,40088,TRADITIONAL
8901365401841,40184,TRADITIONAL
8901365203568,20356,TRADITIONAL
8901365206125,20612,TRADITIONAL
8901365402732,40273,APPLIANCES
